<?xml version="1.0"?>
<config xmlns:xsi="http://www.w3.org/2001/XMLSchema-instance" xsi:noNamespaceSchemaLocation="urn:magento:module:Magento_Config:etc/system_file.xsd">
    <system>
        <section id="carriers" translate="label" type="text" sortOrder="320" showInDefault="1" showInWebsite="1" showInStore="1">
            <group id="customshipping" translate="label" type="text" sortOrder="0" showInDefault="1" showInWebsite="1" showInStore="1">
                <label>Custom Shipping</label>
                <field id="active" translate="label" type="select" sortOrder="1" showInDefault="1" showInWebsite="1" showInStore="0" canRestore="1">
                    <label>Enabled</label>
                    <source_model>Magento\Config\Model\Config\Source\Yesno</source_model>
                </field>
                <field id="name" translate="label" type="text" sortOrder="3" showInDefault="1" showInWebsite="1" showInStore="1" canRestore="1">
                    <label>Method Name</label>
                </field>
                <field id="price" translate="label" type="text" sortOrder="5" showInDefault="1" showInWebsite="1" showInStore="0" canRestore="1">
                    <label>Price</label>
                    <validate>validate-number validate-zero-or-greater</validate>
                </field>
                <field id="title" translate="label" type="text" sortOrder="2" showInDefault="1" showInWebsite="1" showInStore="1" canRestore="1">
                    <label>Title</label>
                </field>
                <field id="category" translate="label" type="select" sortOrder="7" showInDefault="1" showInWebsite="1" showInStore="0" canRestore="1">
                    <label>Category</label>
                    <source_model>CustomShipping\Checkout\Model\Config\Source\Categorylist</source_model>
                </field>
            </group>
        </section>
    </system>
</config>